agent_id,voter_id,age,gender,nationality,marital_status,area,household_form,agent_votes,random_votes,real_votes,agent_accuracy,agent_recall,random_accuracy,random_recall
0,105568,35,woman,Schweiz,ledig,Altstadt,Einzelhaushalt,"{32, 21, 22, 28, 30}","[8, 12, 27, 32, 2, 1, 13, 19, 23]","[2, 3, 11, 12, 21, 24, 25, 29, 32]",0.4,0.2222222222222222,0.3333333333333333,0.3333333333333333
1,109007,41,woman,Schweiz,verheiratet,Gönhard,Mehrpersonen-Haushalt mit Kinder,"{33, 28, 23}","[24, 14, 25]","[31, 32, 33]",0.3333333333333333,0.3333333333333333,0.0,0.0
2,110099,23,man,Schweiz,ledig,Gönhard,Mehrpersonen-Haushalt ohne Kinder,"{28, 21, 31}","[2, 8, 20]","[4, 10, 15]",0.0,0.0,0.0,0.0
3,104232,55,man,Schweiz,ledig,Zelgli,Paar-/Zwei-Personenhaushalt,"{28, 23, 31}","[11, 28, 30]","[15, 21, 22]",0.0,0.0,0.0,0.0
4,177339,34,man,Schweiz,ledig,Gönhard,Paar-/Zwei-Personenhaushalt,"{32, 29, 21, 23}","[18, 28, 11, 22]","[4, 15, 24, 32]",0.25,0.25,0.0,0.0
5,105510,40,woman,Schweiz,ledig,Scheibenschachen,Paar-/Zwei-Personenhaushalt,"{32, 14, 18, 20, 25, 28}","[14, 17, 4, 5, 9, 6]","[12, 15, 18, 21, 31, 32]",0.3333333333333333,0.3333333333333333,0.0,0.0
6,105699,47,woman,Schweiz,ledig,Scheibenschachen,Mehrpersonen-Haushalt mit Kinder,"{28, 30, 23}","[15, 32, 28]","[11, 16, 25]",0.0,0.0,0.0,0.0
7,22160,65,woman,Schweiz,verheiratet,Telli,Paar-/Zwei-Personenhaushalt,"{18, 29, 31}","[16, 12, 28]","[1, 2, 14]",0.0,0.0,0.0,0.0
8,140044,75,man,Schweiz,verheiratet,Zelgli,Paar-/Zwei-Personenhaushalt,"{24, 18, 30}","[30, 22, 32]","[7, 14, 32]",0.0,0.0,0.3333333333333333,0.3333333333333333
9,38513,30,man,Schweiz,ledig,Gönhard,Paar-/Zwei-Personenhaushalt,"{24, 28}","[21, 10]","[4, 21]",0.0,0.0,0.5,0.5
10,5266,70,man,Schweiz,verheiratet,Gönhard,Paar-/Zwei-Personenhaushalt,"{19, 28, 13}","[9, 31, 17]","[14, 15, 32]",0.0,0.0,0.0,0.0
11,8294,60,man,Schweiz,verheiratet,Zelgli,Mehrpersonen-Haushalt ohne Kinder,"{24, 13, 31}","[13, 6, 30]","[4, 20, 30]",0.0,0.0,0.3333333333333333,0.3333333333333333
12,153065,15,woman,Schweiz,ledig,Telli,Mehrpersonen-Haushalt mit Kinder,"{32, 29, 3, 21}","[23, 27, 24, 1]","[10, 15, 21, 28]",0.25,0.25,0.0,0.0
13,4101868,63,man,Schweiz,geschieden,Ausserfeld,Paar-/Zwei-Personenhaushalt,"{18, 29, 30}","[9, 17, 1]","[15, 17, 30]",0.3333333333333333,0.3333333333333333,0.3333333333333333,0.3333333333333333
14,7573,71,man,Schweiz,verheiratet,Gönhard,Paar-/Zwei-Personenhaushalt,"{26, 30}","[33, 23]","[15, 21]",0.0,0.0,0.0,0.0
15,105031,60,woman,Schweiz,ledig,Telli,Einzelhaushalt,"{29, 14, 31}","[30, 2, 22]","[24, 27, 32]",0.0,0.0,0.0,0.0
16,18163,77,man,Schweiz,ledig,Telli,Paar-/Zwei-Personenhaushalt,"{33, 19, 28, 14}","[5, 3, 24, 26]","[1, 4, 19, 21]",0.25,0.25,0.0,0.0
17,7880,76,woman,Schweiz,verheiratet,Zelgli,Paar-/Zwei-Personenhaushalt,"{19, 4, 28}","[4, 10, 1]","[24, 25, 30]",0.0,0.0,0.0,0.0
18,20734,73,man,Schweiz,verheiratet,Gönhard,Paar-/Zwei-Personenhaushalt,"{24, 25, 28, 16}","[26, 18, 25, 32]","[4, 8, 17, 32]",0.0,0.0,0.25,0.25
19,201125,30,woman,Schweiz,verheiratet,Innenstadt,Mehrpersonen-Haushalt mit Kinder,"{5, 10, 13, 24, 28}","[15, 12, 5, 6, 7]","[15, 16, 25, 28, 32]",0.2,0.2,0.2,0.2
20,33704,69,woman,Schweiz,verwitwet,Hungerberg,Paar-/Zwei-Personenhaushalt,"{27, 21, 23}","[12, 17, 14]","[9, 12, 15]",0.0,0.0,0.3333333333333333,0.3333333333333333
21,2487,76,man,Schweiz,verheiratet,Goldern,Paar-/Zwei-Personenhaushalt,"{25, 3, 14}","[29, 8, 19]","[4, 19, 32]",0.0,0.0,0.3333333333333333,0.3333333333333333
22,6253,55,man,Schweiz,ledig,Goldern,Einzelhaushalt,"{24, 33, 13}","[23, 13, 15]","[28, 31, 33]",0.3333333333333333,0.3333333333333333,0.0,0.0
23,109006,64,woman,Schweiz,geschieden,Hungerberg,Paar-/Zwei-Personenhaushalt,"{8, 28, 23}","[22, 21, 19]","[12, 21, 31]",0.0,0.0,0.3333333333333333,0.3333333333333333
24,5711,79,woman,Schweiz,verwitwet,Zelgli,Einzelhaushalt,"{32, 11, 28, 13}","[7, 3, 10, 20]","[3, 12, 17, 28]",0.25,0.25,0.25,0.25
25,106635,50,man,Schweiz,verheiratet,Zelgli,Mehrpersonen-Haushalt mit Kinder,"{32, 29, 3, 13}","[17, 9, 10, 22, 24]","[4, 21, 22, 30, 32]",0.25,0.2,0.2,0.2
26,50527972,66,woman,Schweiz,verheiratet,Zelgli,Paar-/Zwei-Personenhaushalt,"{29, 14, 23}","[32, 9, 22]","[15, 24, 31]",0.0,0.0,0.0,0.0
27,40896,28,woman,Spanien,ledig,Telli,Mehrpersonen-Haushalt ohne Kinder,"{27, 10, 3}","[22, 31, 5]","[4, 10, 27]",0.6666666666666666,0.6666666666666666,0.0,0.0
28,26228,68,man,Schweiz,verheiratet,Gönhard,Paar-/Zwei-Personenhaushalt,"{28, 13, 30}","[18, 10, 20]","[3, 14, 21]",0.0,0.0,0.0,0.0
29,139499,81,man,Schweiz,verheiratet,Goldern,Paar-/Zwei-Personenhaushalt,"{33, 28}","[24, 27]","[21, 28]",0.5,0.5,0.0,0.0
30,181111,35,man,Schweiz,verheiratet,Binzenhof,Mehrpersonen-Haushalt mit Kinder,"{18, 28, 31}","[7, 3, 13]","[9, 21, 23]",0.0,0.0,0.0,0.0
31,196387,52,man,Deutschland,verheiratet,Innenstadt,Mehrpersonen-Haushalt ohne Kinder,"{8, 10, 23}","[24, 14, 6]","[12, 15, 33]",0.0,0.0,0.0,0.0
32,41162,65,man,Schweiz,ledig,Gönhard,Paar-/Zwei-Personenhaushalt,"{28, 30, 31}","[28, 25, 15]","[12, 14, 32]",0.0,0.0,0.0,0.0
33,20600,65,woman,Schweiz,geschieden,Zelgli,Paar-/Zwei-Personenhaushalt,"{33, 29, 14}","[5, 3, 17]","[8, 15, 21]",0.0,0.0,0.0,0.0
34,24312,61,man,Schweiz,ledig,Scheibenschachen,Einzelhaushalt,"{31, 28, 23}","[18, 33, 6]","[4, 22, 25]",0.0,0.0,0.0,0.0
35,155108,33,woman,Schweiz,ledig,Innenstadt,Paar-/Zwei-Personenhaushalt,"{32, 28, 13, 31}","[14, 13, 8, 3]","[24, 25, 31, 33]",0.25,0.25,0.0,0.0
36,119193,47,man,Schweiz,verheiratet,Scheibenschachen,Mehrpersonen-Haushalt mit Kinder,"{3, 11, 28}","[7, 13, 1]","[11, 21, 25]",0.3333333333333333,0.3333333333333333,0.0,0.0
37,38945,66,woman,Schweiz,verheiratet,Gönhard,Paar-/Zwei-Personenhaushalt,"{33, 21, 31}","[20, 22, 1]","[12, 15, 21]",0.3333333333333333,0.3333333333333333,0.0,0.0
38,118356,65,woman,Schweiz,verheiratet,Scheibenschachen,Paar-/Zwei-Personenhaushalt,"{18, 25, 27, 29, 31}","[7, 3, 28, 12, 16]","[2, 4, 14, 15, 32]",0.0,0.0,0.0,0.0
39,138051,17,woman,Schweiz,ledig,Gönhard,Mehrpersonen-Haushalt mit Kinder,"{26, 29, 14, 30}","[31, 13, 32, 11]","[3, 12, 15, 20]",0.0,0.0,0.0,0.0
40,174587,51,woman,Schweiz,verheiratet,Gönhard,Mehrpersonen-Haushalt mit Kinder,"{16, 32, 23}","[17, 26, 28]","[4, 24, 29]",0.0,0.0,0.0,0.0
41,139970,53,man,Schweiz,verheiratet,Telli,Mehrpersonen-Haushalt mit Kinder,"{24, 33, 13}","[18, 4, 33]","[1, 3, 11]",0.0,0.0,0.0,0.0
42,29160,77,man,Schweiz,verheiratet,Zelgli,Paar-/Zwei-Personenhaushalt,"{24, 6, 31}",[16],[17],0.0,0.0,0.0,0.0
43,53081194,28,woman,Schweiz,ledig,Gönhard,Paar-/Zwei-Personenhaushalt,"{3, 7, 11, 24, 28, 29}","[18, 5, 21, 13, 14, 30]","[4, 12, 15, 16, 21, 30]",0.0,0.0,0.3333333333333333,0.3333333333333333
44,92034,54,man,Schweiz,verheiratet,Telli,Mehrpersonen-Haushalt ohne Kinder,"{3, 7, 9, 21, 27, 28}","[28, 2, 3, 26, 12, 27]","[2, 11, 14, 21, 27, 31]",0.3333333333333333,0.3333333333333333,0.3333333333333333,0.3333333333333333
45,53083883,39,man,Griechenland,verheiratet,Scheibenschachen,Mehrpersonen-Haushalt mit Kinder,"{32, 11, 23}","[11, 28, 30]","[3, 9, 15]",0.0,0.0,0.0,0.0
46,40553,29,man,Schweiz,ledig,Gönhard,Paar-/Zwei-Personenhaushalt,"{1, 2, 3, 6, 9, 15, 17, 18, 20, 26}","[3, 13, 2, 31, 5, 9, 19, 6, 27]","[4, 13, 16, 17, 20, 21, 22, 28, 30]",0.2,0.2222222222222222,0.1111111111111111,0.1111111111111111
47,90060,52,woman,Schweiz,verheiratet,Goldern,Mehrpersonen-Haushalt mit Kinder,"{3, 14, 25, 27, 29}","[29, 26, 30, 21]","[3, 13, 31, 33]",0.2,0.25,0.0,0.0
48,4036,42,man,Schweiz,verheiratet,Zelgli,Mehrpersonen-Haushalt mit Kinder,"{32, 10, 30}","[2, 9, 31]","[15, 21, 23]",0.0,0.0,0.0,0.0
49,4012191,40,woman,Schweiz,ledig,Torfeld Süd,Einzelhaushalt,"{33, 8, 14, 16, 20, 27, 29}","[4, 28, 33, 30, 8, 32, 9]","[2, 11, 15, 16, 20, 25, 30]",0.2857142857142857,0.2857142857142857,0.14285714285714285,0.14285714285714285
50,169667,19,man,Schweiz,ledig,Goldern,Mehrpersonen-Haushalt mit Kinder,"{32, 1, 4, 23, 28, 30}","[7, 24, 28, 11, 15, 10]","[22, 23, 24, 30, 31, 33]",0.3333333333333333,0.3333333333333333,0.16666666666666666,0.16666666666666666
51,42142,60,woman,Schweiz,verheiratet,Scheibenschachen,Paar-/Zwei-Personenhaushalt,"{32, 26, 29}","[14, 8, 3]","[15, 21, 24]",0.0,0.0,0.0,0.0
52,50542893,30,woman,Niederlande,verheiratet,Goldern,Paar-/Zwei-Personenhaushalt,"{31, 29, 23}","[30, 1, 20]","[8, 21, 24]",0.0,0.0,0.0,0.0
53,144605,45,man,Schweiz,verheiratet,Telli,Paar-/Zwei-Personenhaushalt,"{24, 18, 29}","[17, 13, 12]","[4, 11, 24]",0.3333333333333333,0.3333333333333333,0.0,0.0
54,183804,64,woman,Schweiz,ledig,Telli,Paar-/Zwei-Personenhaushalt,"{32, 17, 19, 28}","[27, 9, 4, 33]","[2, 4, 16, 29]",0.0,0.0,0.25,0.25
55,146686,57,man,Schweiz,verheiratet,Scheibenschachen,Paar-/Zwei-Personenhaushalt,"{25, 4}","[13, 3]","[24, 29]",0.0,0.0,0.0,0.0
56,25123,36,woman,Schweiz,ledig,Binzenhof,Paar-/Zwei-Personenhaushalt,"{32, 19, 23, 28, 30, 31}","[23, 19, 9, 11, 8, 15]","[5, 11, 12, 15, 21, 31]",0.16666666666666666,0.16666666666666666,0.3333333333333333,0.3333333333333333
57,172269,72,man,Schweiz,verheiratet,Zelgli,Mehrpersonen-Haushalt ohne Kinder,"{28, 13, 23}","[21, 5, 27]","[15, 22, 28]",0.3333333333333333,0.3333333333333333,0.0,0.0
58,10418,75,man,Schweiz,verheiratet,Gönhard,Paar-/Zwei-Personenhaushalt,"{25, 29, 21, 31}","[12, 16, 33, 25]","[3, 5, 19, 32]",0.0,0.0,0.0,0.0
59,4103673,72,woman,Schweiz,verheiratet,Telli,Paar-/Zwei-Personenhaushalt,"{32, 17, 28, 29}","[9, 24, 20, 11]","[2, 12, 21, 24]",0.0,0.0,0.25,0.25
60,110450,44,man,Schweiz,ledig,Torfeld Nord,Einzelhaushalt,"{32, 28, 13}","[7, 6, 19]","[4, 7, 13]",0.3333333333333333,0.3333333333333333,0.3333333333333333,0.3333333333333333
61,50540569,25,woman,Schweiz,ledig,Zelgli,Paar-/Zwei-Personenhaushalt,"{1, 4, 6, 9, 16, 18, 21, 23, 26, 28, 31}","[11, 7, 6, 3, 9, 17, 18, 4, 20, 27]","[10, 11, 12, 15, 18, 21, 23, 24, 25, 29]",0.2727272727272727,0.3,0.2,0.2
62,143905,47,man,Schweiz,ledig,Innenstadt,Einzelhaushalt,"{25, 18}","[14, 1]","[8, 17]",0.0,0.0,0.0,0.0
63,165104,42,man,Schweiz,verheiratet,Telli,Mehrpersonen-Haushalt mit Kinder,"{19, 20, 31}","[33, 1, 8]","[4, 13, 15]",0.0,0.0,0.0,0.0
64,19047,70,man,Schweiz,verheiratet,Goldern,Paar-/Zwei-Personenhaushalt,"{26, 25, 10, 19}","[7, 29, 13, 4]","[5, 8, 13, 17]",0.0,0.0,0.25,0.25
65,147579,29,man,Schweiz,ledig,Gönhard,Paar-/Zwei-Personenhaushalt,"{24, 28, 29}","[14, 3, 2]","[15, 21, 22]",0.0,0.0,0.0,0.0
66,50534229,34,man,Schweiz,ledig,Telli,Mehrpersonen-Haushalt ohne Kinder,"{24, 18, 12, 31}","[27, 28, 1, 24]","[21, 22, 24, 30]",0.25,0.25,0.25,0.25
67,53084798,40,man,Deutschland,verheiratet,Innenstadt,Einzelhaushalt,"{30, 14, 23}","[6, 18, 12]","[4, 6, 21]",0.0,0.0,0.3333333333333333,0.3333333333333333
68,50526574,65,woman,Schweiz,verheiratet,Siebenmatten,Paar-/Zwei-Personenhaushalt,"{32, 2, 13, 18, 23, 28, 30, 31}","[5, 30, 28, 8, 32, 26, 12, 3, 2, 20]","[2, 3, 4, 11, 14, 15, 21, 24, 25, 32]",0.25,0.2,0.3,0.3
69,188286,44,woman,Schweiz,ledig,Rössligut,Einzelhaushalt,"{27, 33, 19}","[26, 6, 4, 25]","[12, 14, 15, 29]",0.0,0.0,0.0,0.0
70,162469,45,woman,Schweiz,verheiratet,Telli,Mehrpersonen-Haushalt mit Kinder,"{16, 31}","[22, 28]","[1, 31]",0.5,0.5,0.0,0.0
71,23915,36,man,Schweiz,verheiratet,Zelgli,Mehrpersonen-Haushalt mit Kinder,"{10, 16, 18, 28, 31}",[23],[23],0.0,0.0,1.0,1.0
72,4016857,75,man,Schweiz,geschieden,Quellhölzli,Paar-/Zwei-Personenhaushalt,"{18, 30, 23}","[13, 3, 28]","[17, 27, 32]",0.0,0.0,0.0,0.0
73,2293,66,man,Schweiz,verheiratet,Scheibenschachen,Paar-/Zwei-Personenhaushalt,"{25, 28, 13}","[10, 16, 27]","[7, 31, 32]",0.0,0.0,0.0,0.0
74,35507,58,man,Schweiz,verheiratet,Ausserfeld,Mehrpersonen-Haushalt mit Kinder,"{32, 9, 14, 16, 23, 28, 30, 31}","[7, 31, 27, 25, 18, 11, 29, 14]","[1, 2, 3, 7, 11, 13, 31, 33]",0.125,0.125,0.375,0.375
75,50523437,44,woman,Schweiz,verheiratet,Telli,Mehrpersonen-Haushalt mit Kinder,"{13, 6, 23}","[11, 15, 26]","[8, 12, 30]",0.0,0.0,0.0,0.0
76,197054,43,man,Schweiz,verheiratet,Zelgli,Paar-/Zwei-Personenhaushalt,"{29, 18, 21}","[12, 8, 28]","[3, 25, 29]",0.3333333333333333,0.3333333333333333,0.0,0.0
77,207686,71,woman,Schweiz,verwitwet,Zelgli,Einzelhaushalt,"{18, 29, 14, 31}","[2, 21, 13, 7]","[14, 15, 31, 32]",0.5,0.5,0.0,0.0
78,7078,63,man,Schweiz,verheiratet,Zelgli,Mehrpersonen-Haushalt ohne Kinder,"{10, 14, 23, 25, 31}","[19, 25, 7, 24, 31]","[2, 11, 14, 21, 30]",0.2,0.2,0.0,0.0
79,163811,48,man,Schweiz,verheiratet,Ausserfeld,Einzelhaushalt,"{25, 19, 28}","[19, 2, 30]","[2, 22, 30]",0.0,0.0,0.6666666666666666,0.6666666666666666
80,141130,58,man,Schweiz,geschieden,Gönhard,Einzelhaushalt,"{33, 21, 30}","[8, 1, 21]","[4, 14, 21]",0.3333333333333333,0.3333333333333333,0.3333333333333333,0.3333333333333333
81,50540969,31,woman,Deutschland,ledig,Siebenmatten,Paar-/Zwei-Personenhaushalt,"{27, 28, 13, 30}","[20, 23, 33, 10]","[8, 20, 21, 30]",0.25,0.25,0.25,0.25
82,53080946,33,man,Schweiz,ledig,Telli,Paar-/Zwei-Personenhaushalt,"{4, 16, 24, 28, 30}","[3, 16, 10, 15, 19]","[2, 14, 15, 21, 32]",0.0,0.0,0.2,0.2
83,9625,72,woman,Schweiz,verwitwet,Damm,Paar-/Zwei-Personenhaushalt,"{32, 26, 12}","[22, 9, 29]","[3, 8, 17]",0.0,0.0,0.0,0.0
84,4016679,52,woman,Schweiz,verheiratet,Ausserfeld,Mehrpersonen-Haushalt mit Kinder,"{14, 19, 26, 30, 31}","[12, 20, 19, 31, 16]","[3, 11, 13, 15, 30]",0.2,0.2,0.0,0.0
85,152319,31,woman,Schweiz,verheiratet,Ausserfeld,Mehrpersonen-Haushalt mit Kinder,"{32, 5, 8, 9, 14, 16, 17, 25, 29, 31}","[14, 32, 1, 15, 3, 11, 30]","[3, 4, 12, 15, 30, 31, 32]",0.2,0.2857142857142857,0.5714285714285714,0.5714285714285714
86,207417,65,man,Schweiz,verheiratet,Goldern,Paar-/Zwei-Personenhaushalt,"{8, 24, 30}","[6, 33, 24]","[4, 15, 28]",0.0,0.0,0.0,0.0
87,83007,56,woman,Schweiz,verheiratet,Gönhard,Mehrpersonen-Haushalt mit Kinder,"{3, 11, 23}","[31, 3, 26]","[8, 11, 14]",0.3333333333333333,0.3333333333333333,0.0,0.0
88,167193,48,man,Schweiz,verheiratet,Gönhard,Mehrpersonen-Haushalt mit Kinder,"{32, 11, 14, 24, 30}","[10, 14, 29, 5, 15]","[3, 8, 14, 22, 30]",0.4,0.4,0.2,0.2
89,202761,50,woman,Schweiz,ledig,Innenstadt,Paar-/Zwei-Personenhaushalt,"{19, 31, 23}","[17, 28, 21]","[11, 12, 32]",0.0,0.0,0.0,0.0
90,183096,36,woman,Schweiz,verheiratet,Siebenmatten,Mehrpersonen-Haushalt mit Kinder,"{33, 28, 13, 31}","[25, 30, 14, 29]","[11, 13, 21, 24]",0.25,0.25,0.0,0.0
91,99771,60,woman,Schweiz,ledig,Telli,Paar-/Zwei-Personenhaushalt,"{19, 28, 31}","[2, 1, 32]","[2, 30, 32]",0.0,0.0,0.6666666666666666,0.6666666666666666
92,208244,28,woman,Schweiz,ledig,Gönhard,Einzelhaushalt,"{10, 29}","[1, 28]","[22, 23]",0.0,0.0,0.0,0.0
93,159927,42,man,Schweiz,verheiratet,Damm,Mehrpersonen-Haushalt mit Kinder,"{32, 18, 11}","[25, 20, 3, 10]","[9, 11, 21, 25]",0.3333333333333333,0.25,0.25,0.25
94,183320,36,woman,Schweiz,verheiratet,Ausserfeld,Paar-/Zwei-Personenhaushalt,"{15, 16, 19, 27, 29, 30}","[20, 3, 6, 10, 31, 15]","[4, 10, 12, 15, 18, 32]",0.16666666666666666,0.16666666666666666,0.3333333333333333,0.3333333333333333
95,186094,64,woman,Schweiz,verwitwet,Hungerberg,Paar-/Zwei-Personenhaushalt,"{32, 21, 28, 13}","[13, 33, 25, 20]","[3, 22, 29, 32]",0.25,0.25,0.0,0.0
96,53081707,43,woman,Ukraine,ledig,Scheibenschachen,Mehrpersonen-Haushalt mit Kinder,"{28, 7, 14, 31}","[24, 17, 18, 19]","[11, 25, 31, 32]",0.25,0.25,0.0,0.0
97,154198,39,woman,Schweiz,verheiratet,Ausserfeld,Mehrpersonen-Haushalt mit Kinder,"{16, 33, 28, 30}","[1, 7, 13, 8]","[3, 5, 11, 31]",0.0,0.0,0.0,0.0
98,50542661,25,man,Schweiz,ledig,Altstadt,Einzelhaushalt,"{29, 18, 13}","[21, 12, 4]","[5, 9, 13]",0.3333333333333333,0.3333333333333333,0.0,0.0
99,50542178,28,woman,Schweiz,ledig,Gönhard,Paar-/Zwei-Personenhaushalt,"{32, 7, 16, 28, 30}","[6, 30, 2, 33, 4]","[4, 12, 21, 29, 30]",0.2,0.2,0.4,0.4
100,141539,47,man,Schweiz,verheiratet,Telli,Mehrpersonen-Haushalt mit Kinder,"{24, 18, 28, 6}","[23, 8, 17, 30]","[4, 12, 31, 32]",0.0,0.0,0.0,0.0
101,20094,60,woman,Schweiz,verheiratet,Zelgli,Paar-/Zwei-Personenhaushalt,"{13, 20, 25, 29, 31}","[32, 7, 3, 12, 15, 5, 28]","[2, 9, 11, 15, 21, 28, 31]",0.2,0.14285714285714285,0.2857142857142857,0.2857142857142857
102,4014067,69,man,Schweiz,verheiratet,Hinterdorf,Paar-/Zwei-Personenhaushalt,"{7, 14, 23, 28, 31}","[11, 19, 22, 4, 18]","[4, 21, 24, 29, 32]",0.0,0.0,0.2,0.2
103,201844,32,man,Schweiz,verheiratet,Binzenhof,Mehrpersonen-Haushalt mit Kinder,"{32, 18, 29, 13}","[26, 25, 23, 8]","[4, 6, 11, 13]",0.25,0.25,0.0,0.0
104,42089,28,woman,Schweiz,ledig,Altstadt,Einzelhaushalt,"{7, 14, 28, 29, 31}","[7, 26, 14, 27, 6]","[4, 6, 17, 24, 30]",0.0,0.0,0.2,0.2
105,33038,64,woman,Schweiz,verheiratet,Hungerberg,Mehrpersonen-Haushalt mit Kinder,"{10, 28, 29, 31}","[6, 19, 7, 16]","[4, 21, 22, 30]",0.0,0.0,0.0,0.0
106,191386,56,man,Schweiz,verheiratet,Innenstadt,Paar-/Zwei-Personenhaushalt,"{18, 30, 14}","[21, 18, 10]","[4, 28, 32]",0.0,0.0,0.0,0.0
107,204951,26,man,Niederlande,ledig,Gönhard,Paar-/Zwei-Personenhaushalt,"{32, 10, 24, 27, 29, 30}","[8, 26, 22, 5, 1, 14]","[4, 11, 15, 21, 30, 32]",0.3333333333333333,0.3333333333333333,0.0,0.0
108,122217,71,man,Schweiz,verheiratet,Telli,Mehrpersonen-Haushalt ohne Kinder,"{33, 1, 10, 25, 29}","[9, 25, 7, 27, 23]","[1, 2, 25, 31, 32]",0.4,0.4,0.2,0.2
109,145007,56,man,Schweiz,ledig,Gönhard,Paar-/Zwei-Personenhaushalt,"{32, 36, 19, 23, 28}","[22, 16, 32, 18, 21]","[2, 7, 11, 14, 30]",0.0,0.0,0.0,0.0
110,159904,60,man,Schweiz,verheiratet,Zelgli,Mehrpersonen-Haushalt ohne Kinder,"{32, 33, 4, 7, 9, 22}","[13, 16, 1, 19, 12, 6, 23, 31, 7, 20]","[2, 6, 8, 11, 17, 21, 29, 30, 31, 33]",0.16666666666666666,0.1,0.2,0.2
111,50531751,45,man,Schweiz,ledig,Gönhard,Mehrpersonen-Haushalt mit Kinder,"{32, 26}",[16],[31],0.0,0.0,0.0,0.0
112,141966,73,woman,Schweiz,verheiratet,Altstadt,Paar-/Zwei-Personenhaushalt,"{32, 12, 29}","[22, 23, 32]","[8, 22, 32]",0.3333333333333333,0.3333333333333333,0.6666666666666666,0.6666666666666666
113,50536492,25,woman,Schweiz,ledig,Gönhard,Paar-/Zwei-Personenhaushalt,"{32, 1, 8, 14, 19, 26, 28, 30}","[18, 2, 20, 21, 10, 28, 32]","[12, 14, 16, 21, 24, 25, 29]",0.125,0.14285714285714285,0.14285714285714285,0.14285714285714285
114,197166,39,woman,Schweiz,verheiratet,Gönhard,Mehrpersonen-Haushalt mit Kinder,"{33, 29, 13, 5}","[26, 1, 7, 5]","[12, 13, 15, 31]",0.25,0.25,0.0,0.0
115,203993,35,man,Schweiz,ledig,Goldern,Einzelhaushalt,"{18, 31}","[2, 28]","[21, 22]",0.0,0.0,0.0,0.0
116,174820,49,man,Schweiz,verheiratet,Zelgli,Mehrpersonen-Haushalt mit Kinder,"{26, 28, 31}","[33, 19, 21]","[3, 14, 15]",0.0,0.0,0.0,0.0
117,173107,64,man,Deutschland,geschieden,Scheibenschachen,Einzelhaushalt,"{29, 28, 23, 31}","[14, 24, 3, 32]","[4, 13, 24, 29]",0.25,0.25,0.25,0.25
118,5524,69,woman,Schweiz,geschieden,Gönhard,Paar-/Zwei-Personenhaushalt,"{16, 26, 28, 13}","[28, 30, 31, 33]","[12, 13, 14, 17]",0.25,0.25,0.0,0.0
119,125014,60,woman,Schweiz,verheiratet,Scheibenschachen,Mehrpersonen-Haushalt mit Kinder,"{25, 10, 13}","[19, 16, 17]","[4, 16, 28]",0.0,0.0,0.3333333333333333,0.3333333333333333
120,182961,48,man,Deutschland,verheiratet,Binzenhof,Mehrpersonen-Haushalt mit Kinder,"{11, 28, 13}","[21, 6, 12]","[4, 11, 31]",0.3333333333333333,0.3333333333333333,0.0,0.0
121,53082018,29,woman,Schweiz,ledig,Altstadt,Einzelhaushalt,"{32, 9, 24, 26, 31}","[7, 16, 14, 17, 10, 32]","[5, 11, 12, 13, 15, 29]",0.0,0.0,0.0,0.0
122,4011729,77,man,Schweiz,verheiratet,Ausserfeld,Paar-/Zwei-Personenhaushalt,"{16, 24, 28, 33}","[11, 26, 13, 4]","[17, 20, 24, 32]",0.25,0.25,0.0,0.0
123,113737,56,man,Deutschland,ledig,Telli,Einzelhaushalt,"{21, 28, 13, 31}","[6, 8, 19, 12]","[4, 14, 15, 32]",0.0,0.0,0.0,0.0
124,41823,61,woman,Schweiz,verheiratet,Gönhard,Paar-/Zwei-Personenhaushalt,"{16, 32, 29, 30}","[17, 10, 3, 22]","[3, 19, 24, 30]",0.25,0.25,0.25,0.25
125,97419,49,man,Schweiz,ledig,Hungerberg,Einzelhaushalt,"{33, 4, 9, 13, 16, 18, 31}","[4, 9, 3, 18, 14, 29, 31]","[3, 21, 24, 25, 28, 29, 32]",0.0,0.0,0.2857142857142857,0.2857142857142857
126,132695,53,man,Schweiz,verheiratet,Hungerberg,Mehrpersonen-Haushalt mit Kinder,"{27, 29, 14}","[5, 1, 28]","[8, 21, 24]",0.0,0.0,0.0,0.0
127,19603,64,man,Schweiz,verheiratet,Gönhard,Paar-/Zwei-Personenhaushalt,"{3, 20, 13}","[20, 2, 11]","[3, 14, 23]",0.3333333333333333,0.3333333333333333,0.0,0.0
128,6117,49,man,Schweiz,geschieden,Hungerberg,Mehrpersonen-Haushalt mit Kinder,"{32, 21, 23, 28, 30}","[11, 10, 4, 14, 6]","[11, 14, 22, 25, 31]",0.0,0.0,0.4,0.4
129,10675,76,man,Schweiz,verheiratet,Goldern,Paar-/Zwei-Personenhaushalt,"{28, 30, 23}","[27, 23, 8]","[6, 11, 17]",0.0,0.0,0.0,0.0
130,170176,46,woman,Schweiz,verheiratet,Hungerberg,Mehrpersonen-Haushalt mit Kinder,"{31, 29, 23}","[16, 29, 11]","[13, 21, 31]",0.3333333333333333,0.3333333333333333,0.0,0.0
131,159189,44,man,Schweiz,verheiratet,Scheibenschachen,Mehrpersonen-Haushalt mit Kinder,"{1, 2, 3, 9, 14, 16, 19, 24, 28, 30}","[3, 30, 8, 25, 26, 17, 15, 20, 23, 4]","[1, 4, 11, 12, 13, 15, 21, 24, 25, 32]",0.2,0.2,0.3,0.3
132,33709,60,woman,Schweiz,verheiratet,Telli,Paar-/Zwei-Personenhaushalt,"{24, 29, 30}","[8, 1, 31]","[2, 11, 32]",0.0,0.0,0.0,0.0
133,188103,34,woman,Schweiz,verheiratet,Telli,Mehrpersonen-Haushalt mit Kinder,"{32, 29, 15}","[30, 1, 8]","[12, 31, 32]",0.3333333333333333,0.3333333333333333,0.0,0.0
134,23087,63,man,Schweiz,verheiratet,Zelgli,Paar-/Zwei-Personenhaushalt,"{32, 8, 26, 21}","[2, 3, 26, 29]","[4, 21, 30, 32]",0.5,0.5,0.0,0.0
135,53081298,23,man,Schweiz,ledig,Gönhard,Mehrpersonen-Haushalt ohne Kinder,"{29, 21, 31}","[5, 10, 25]","[8, 15, 30]",0.0,0.0,0.0,0.0
136,4104344,61,man,Schweiz,verheiratet,Ausserfeld,Paar-/Zwei-Personenhaushalt,"{32, 28, 23}","[7, 30, 20]","[12, 24, 28]",0.3333333333333333,0.3333333333333333,0.0,0.0
137,168763,50,man,Deutschland,verheiratet,Gönhard,Paar-/Zwei-Personenhaushalt,"{31, 29, 23}","[9, 11, 32]","[19, 30, 32]",0.0,0.0,0.3333333333333333,0.3333333333333333
138,133411,40,man,Schweiz,verheiratet,Innenstadt,Mehrpersonen-Haushalt mit Kinder,"{32, 3, 13, 22, 28, 30, 31}","[20, 19, 7, 10, 2, 8, 18]","[1, 4, 9, 11, 14, 16, 29]",0.0,0.0,0.0,0.0
139,158461,52,woman,Schweiz,verheiratet,Hungerberg,Mehrpersonen-Haushalt ohne Kinder,"{24, 28, 13}","[27, 9, 10]","[13, 20, 21]",0.3333333333333333,0.3333333333333333,0.0,0.0
140,50525262,42,woman,Deutschland,verheiratet,Ausserfeld,Mehrpersonen-Haushalt mit Kinder,"{32, 23, 13, 7}","[9, 12, 13, 20]","[5, 11, 28, 30]",0.0,0.0,0.0,0.0
141,36573,60,woman,Schweiz,geschieden,Binzenhof,Mehrpersonen-Haushalt ohne Kinder,"{32, 24, 11}","[19, 31, 13]","[4, 12, 15]",0.0,0.0,0.0,0.0
142,50531462,30,man,Schweiz,ledig,Torfeld Süd,Einzelhaushalt,"{32, 13, 18, 23, 29}","[21, 33, 26, 23, 1]","[4, 12, 14, 21, 29]",0.2,0.2,0.2,0.2
143,208194,41,woman,Deutschland,verheiratet,Torfeld Süd,Paar-/Zwei-Personenhaushalt,"{16, 28, 29, 30}","[28, 16, 30, 33]","[4, 21, 24, 25]",0.0,0.0,0.0,0.0
144,173695,60,woman,Schweiz,geschieden,Rössligut,Einzelhaushalt,"{32, 7, 8, 9, 13, 18, 24, 25, 28, 31}","[5, 9, 23, 25, 8, 20, 1, 10, 33, 11]","[2, 3, 4, 12, 17, 20, 24, 25, 29, 31]",0.3,0.3,0.2,0.2
145,208918,28,woman,Schweiz,ledig,Altstadt,Paar-/Zwei-Personenhaushalt,"{4, 10, 14, 21, 23, 28}","[25, 27, 6, 22, 16, 30]","[8, 10, 12, 21, 27, 29]",0.3333333333333333,0.3333333333333333,0.16666666666666666,0.16666666666666666
146,163579,45,woman,Deutschland,ledig,Zelgli,Mehrpersonen-Haushalt mit Kinder,"{32, 29, 20, 13}","[8, 21, 1, 23]","[15, 21, 22, 23]",0.0,0.0,0.5,0.5
147,40083,67,woman,Schweiz,geschieden,Binzenhof,Einzelhaushalt,"{32, 33, 18, 19}","[10, 25, 13, 27]","[15, 21, 22, 31]",0.0,0.0,0.0,0.0
148,199983,28,woman,Schweiz,ledig,Telli,Einzelhaushalt,"{15, 29, 7}","[31, 27, 13]","[5, 8, 13]",0.0,0.0,0.3333333333333333,0.3333333333333333
149,133673,62,woman,Schweiz,verheiratet,Hungerberg,Paar-/Zwei-Personenhaushalt,"{16, 4, 28}","[19, 32, 27]","[3, 24, 28]",0.3333333333333333,0.3333333333333333,0.0,0.0
150,146566,47,man,Schweiz,geschieden,Scheibenschachen,Einzelhaushalt,"{5, 9, 14, 18, 23}","[3, 26, 12, 28, 15]","[4, 6, 14, 21, 24]",0.2,0.2,0.0,0.0
151,50525223,54,man,Schweiz,ledig,Hungerberg,Mehrpersonen-Haushalt mit Kinder,"{33, 28, 29}","[24, 29, 26]","[4, 13, 25]",0.0,0.0,0.0,0.0
152,194122,40,woman,Schweiz,verheiratet,Scheibenschachen,Mehrpersonen-Haushalt mit Kinder,"{32, 10, 11, 19, 25, 26, 28}","[4, 30, 15, 1, 14, 26, 29]","[4, 7, 11, 12, 21, 25, 29]",0.2857142857142857,0.2857142857142857,0.2857142857142857,0.2857142857142857
153,50539395,34,woman,Schweiz,ledig,Zelgli,Einzelhaushalt,"{32, 26, 13, 7}","[2, 6, 27, 31]","[10, 12, 15, 21]",0.0,0.0,0.0,0.0
154,23928,57,man,Schweiz,verheiratet,Zelgli,Paar-/Zwei-Personenhaushalt,"{13, 16, 27, 28, 29, 30, 31}","[27, 23, 6, 10, 28, 32, 29]","[4, 6, 8, 10, 22, 24, 28]",0.14285714285714285,0.14285714285714285,0.42857142857142855,0.42857142857142855
155,102579,49,woman,Schweiz,verheiratet,Zelgli,Paar-/Zwei-Personenhaushalt,"{32, 25, 29}","[4, 30, 10]","[4, 12, 20]",0.0,0.0,0.3333333333333333,0.3333333333333333
156,163796,50,man,Schweiz,geschieden,Siebenmatten,Einzelhaushalt,"{25, 4, 31}","[17, 10, 12]","[3, 8, 10]",0.0,0.0,0.3333333333333333,0.3333333333333333
157,36488,56,man,Schweiz,verheiratet,Gönhard,Mehrpersonen-Haushalt mit Kinder,"{10, 18, 23}","[21, 27, 13]","[12, 22, 28]",0.0,0.0,0.0,0.0
158,50531287,56,man,Schweiz,verheiratet,Schachen,Paar-/Zwei-Personenhaushalt,"{32, 24, 18}","[2, 4, 14]","[1, 3, 17]",0.0,0.0,0.0,0.0
159,129594,44,man,Schweiz,ledig,Torfeld Süd,Einzelhaushalt,"{32, 6, 7, 22, 26, 29, 30}",[4],[21],0.0,0.0,0.0,0.0
160,50527971,66,man,Schweiz,verheiratet,Zelgli,Paar-/Zwei-Personenhaushalt,"{16, 10, 28, 23}","[8, 10, 28, 32]","[19, 21, 22, 25]",0.0,0.0,0.0,0.0
161,50529527,42,man,Deutschland,ledig,Telli,Paar-/Zwei-Personenhaushalt,"{33, 11, 28, 31}","[15, 20, 4, 16]","[2, 4, 15, 21]",0.0,0.0,0.5,0.5
162,123680,48,woman,Schweiz,verheiratet,Gönhard,Mehrpersonen-Haushalt mit Kinder,"{13, 28, 29}","[14, 28, 17]","[17, 29, 30]",0.3333333333333333,0.3333333333333333,0.3333333333333333,0.3333333333333333
163,42108,49,woman,Schweiz,geschieden,Ausserfeld,Einzelhaushalt,"{16, 32, 30}","[4, 31, 5]","[4, 21, 29]",0.0,0.0,0.3333333333333333,0.3333333333333333
164,4015405,52,woman,Schweiz,verheiratet,Ausserfeld,Mehrpersonen-Haushalt ohne Kinder,"{32, 28, 13}","[6, 11, 1]","[15, 20, 21]",0.0,0.0,0.0,0.0
165,53081098,30,man,Schweiz,ledig,Quellhölzli,Mehrpersonen-Haushalt ohne Kinder,"{32, 33, 8, 17, 28}","[18, 25, 24, 4, 15]","[15, 23, 24, 28, 29]",0.2,0.2,0.4,0.4
166,53083619,34,woman,Frankreich,ledig,Innenstadt,Einzelhaushalt,"{18, 27, 20, 31}","[18, 12, 24, 28]","[4, 18, 19, 21]",0.25,0.25,0.25,0.25
167,195210,32,man,Schweiz,verheiratet,Hinterdorf,Mehrpersonen-Haushalt mit Kinder,"{24, 10, 31}","[23, 1, 28]","[4, 7, 31]",0.3333333333333333,0.3333333333333333,0.0,0.0
168,35829,38,man,Schweiz,ledig,Innenstadt,Einzelhaushalt,"{9, 13, 19, 21, 28, 30}","[3, 2, 18, 27, 6, 33]","[5, 11, 21, 28, 31, 32]",0.3333333333333333,0.3333333333333333,0.0,0.0
169,168886,37,man,Schweiz,ledig,Innenstadt,Einzelhaushalt,"{24, 11, 30}","[28, 11, 3]","[4, 10, 29]",0.0,0.0,0.0,0.0
170,200218,48,man,Schweiz,verheiratet,Hinterdorf,Paar-/Zwei-Personenhaushalt,"{19, 22, 7}",[16],[4],0.0,0.0,0.0,0.0
171,22688,59,woman,Schweiz,verheiratet,Gönhard,Paar-/Zwei-Personenhaushalt,"{32, 33, 10, 16}","[2, 30, 4, 15]","[14, 17, 22, 30]",0.0,0.0,0.25,0.25
172,53084070,34,woman,Ukraine,verheiratet,Torfeld Süd,Mehrpersonen-Haushalt mit Kinder,"{32, 26, 19}","[10, 12, 22]","[13, 24, 29]",0.0,0.0,0.0,0.0
173,204864,30,woman,Schweiz,ledig,Goldern,Einzelhaushalt,"{5, 6, 8, 13, 26, 28, 29}","[15, 21, 5, 28, 30, 7, 6]","[5, 8, 10, 12, 17, 26, 30]",0.42857142857142855,0.42857142857142855,0.2857142857142857,0.2857142857142857
174,7199,54,woman,Schweiz,ledig,Hungerberg,Einzelhaushalt,"{16, 26, 31}","[10, 33, 4]","[4, 24, 32]",0.0,0.0,0.3333333333333333,0.3333333333333333
175,123609,60,woman,Schweiz,geschieden,Telli,Einzelhaushalt,"{10, 18, 28}","[27, 29, 15]","[2, 22, 25]",0.0,0.0,0.0,0.0
176,167538,57,man,Schweiz,in eingetragener Partnerschaft,Innenstadt,Paar-/Zwei-Personenhaushalt,"{1, 3, 19, 23, 28}","[18, 21, 15, 12, 20]","[7, 8, 21, 30, 31]",0.0,0.0,0.2,0.2
177,37875,56,woman,Schweiz,verheiratet,Zelgli,Paar-/Zwei-Personenhaushalt,"{25, 28, 13, 30}","[9, 12, 28, 8]","[3, 11, 13, 15]",0.25,0.25,0.0,0.0
178,37615,65,man,Schweiz,verheiratet,Damm,Paar-/Zwei-Personenhaushalt,"{28, 21, 31}","[12, 11, 32]","[8, 30, 31]",0.3333333333333333,0.3333333333333333,0.0,0.0
179,35972,62,woman,Schweiz,verheiratet,Gönhard,Mehrpersonen-Haushalt ohne Kinder,"{32, 19, 28}","[27, 24, 8]","[14, 22, 32]",0.3333333333333333,0.3333333333333333,0.0,0.0
180,115164,57,man,Tunesien,verheiratet,Scheibenschachen,Mehrpersonen-Haushalt mit Kinder,"{32, 9, 18}","[17, 7, 8]","[1, 3, 28]",0.0,0.0,0.0,0.0
181,198182,38,woman,Mexiko,verheiratet,Hungerberg,Mehrpersonen-Haushalt mit Kinder,"{33, 7, 13, 19, 24, 26, 28, 31}","[8, 13, 3, 27, 11, 10, 19, 21]","[4, 5, 7, 9, 11, 12, 14, 21]",0.125,0.125,0.25,0.25
182,11831,56,woman,Schweiz,verheiratet,Goldern,Mehrpersonen-Haushalt ohne Kinder,"{3, 7, 8, 29, 31}","[24, 28, 10, 2, 8]","[3, 16, 17, 19, 21]",0.2,0.2,0.0,0.0
183,154141,36,man,Schweiz,ledig,Gönhard,Mehrpersonen-Haushalt mit Kinder,"{16, 26, 12}","[9, 19, 29]","[1, 2, 31]",0.0,0.0,0.0,0.0
184,149132,15,man,Schweiz,ledig,Gönhard,Mehrpersonen-Haushalt mit Kinder,"{32, 29, 3, 13}","[16, 2, 11, 15]","[2, 3, 4, 21]",0.25,0.25,0.25,0.25
185,35567,64,woman,Schweiz,verwitwet,Scheibenschachen,Paar-/Zwei-Personenhaushalt,"{16, 25, 32}","[2, 26, 1]","[9, 15, 21]",0.0,0.0,0.0,0.0
186,53084239,38,man,Litauen,verheiratet,Damm,Paar-/Zwei-Personenhaushalt,"{16, 32, 23}","[6, 25, 4]","[4, 24, 29]",0.0,0.0,0.3333333333333333,0.3333333333333333
187,50534686,27,woman,Österreich,verheiratet,Gönhard,Mehrpersonen-Haushalt mit Kinder,"{16, 18, 24, 29, 30}","[14, 29, 30, 19, 33]","[3, 4, 12, 15, 18]",0.2,0.2,0.0,0.0
188,97239,82,man,Schweiz,geschieden,Telli,Einzelhaushalt,"{18, 29, 21}","[30, 2, 3]","[1, 4, 27]",0.0,0.0,0.0,0.0
189,50540630,26,man,Schweiz,ledig,Telli,Paar-/Zwei-Personenhaushalt,"{33, 14, 23, 28, 31}","[9, 30, 1, 27, 4]","[1, 2, 29, 31, 32]",0.2,0.2,0.2,0.2
190,50525436,44,man,Schweiz,ledig,Torfeld Süd,Einzelhaushalt,"{18, 29, 31}","[31, 10, 32]","[4, 30, 33]",0.0,0.0,0.0,0.0
191,135857,42,man,Schweiz,verheiratet,Schachen,Mehrpersonen-Haushalt mit Kinder,"{33, 28}","[4, 10]","[7, 29]",0.0,0.0,0.0,0.0
192,53081232,33,man,Schweiz,ledig,Zelgli,Mehrpersonen-Haushalt mit Kinder,"{26, 28, 31, 23}","[5, 19, 13, 29]","[4, 11, 21, 25]",0.0,0.0,0.0,0.0
193,128810,46,woman,Schweiz,ledig,Gönhard,Paar-/Zwei-Personenhaushalt,"{24, 29, 13}","[28, 3, 27]","[7, 13, 32]",0.3333333333333333,0.3333333333333333,0.0,0.0
194,37135,62,woman,Schweiz,verheiratet,Scheibenschachen,Paar-/Zwei-Personenhaushalt,"{13, 28, 29}","[11, 17, 2]","[7, 22, 26]",0.0,0.0,0.0,0.0
195,53083389,28,man,Schweiz,ledig,Innenstadt,Paar-/Zwei-Personenhaushalt,"{3, 6, 10, 13, 14, 18, 19, 23, 28}","[33, 12, 31, 8, 10, 9, 6, 27, 18]","[2, 3, 6, 9, 14, 16, 19, 21, 25]",0.4444444444444444,0.4444444444444444,0.2222222222222222,0.2222222222222222
196,106625,64,woman,Schweiz,ledig,Telli,Einzelhaushalt,"{32, 28, 13}","[21, 22, 24]","[1, 15, 32]",0.3333333333333333,0.3333333333333333,0.0,0.0
197,10760,80,woman,Schweiz,verheiratet,Zelgli,Paar-/Zwei-Personenhaushalt,"{24, 1, 30}","[28, 27, 11]","[4, 21, 33]",0.0,0.0,0.0,0.0
198,185932,38,man,Schweiz,ledig,Altstadt,Paar-/Zwei-Personenhaushalt,"{28, 13, 31}","[14, 9, 4]","[21, 22, 32]",0.0,0.0,0.0,0.0
199,170571,35,woman,Schweiz,verheiratet,Damm,Mehrpersonen-Haushalt mit Kinder,"{16, 33, 29}","[25, 32, 15]","[19, 21, 30]",0.0,0.0,0.0,0.0
200,126158,66,woman,Schweiz,geschieden,Goldern,Einzelhaushalt,"{10, 27, 29, 31}","[24, 19, 33, 21]","[4, 14, 15, 22]",0.0,0.0,0.0,0.0
201,12116,53,man,Schweiz,geschieden,Gönhard,Einzelhaushalt,"{11, 28, 23}","[11, 12, 27]","[5, 7, 17]",0.0,0.0,0.0,0.0
202,11581,40,woman,Schweiz,verheiratet,Ausserfeld,Mehrpersonen-Haushalt mit Kinder,"{3, 29, 23}","[9, 1, 5]","[3, 4, 23]",0.6666666666666666,0.6666666666666666,0.0,0.0
203,38944,59,man,Schweiz,verheiratet,Gönhard,Paar-/Zwei-Personenhaushalt,"{32, 3, 7, 10, 11, 24, 25, 26, 28}","[3, 6, 5, 4, 14, 12, 24, 8, 29]","[4, 13, 14, 19, 21, 24, 29, 30, 32]",0.2222222222222222,0.2222222222222222,0.4444444444444444,0.4444444444444444
204,50538556,58,man,Schweiz,verheiratet,Ausserfeld,Paar-/Zwei-Personenhaushalt,"{26, 14, 31}","[26, 32, 13]","[4, 17, 28]",0.0,0.0,0.0,0.0
205,146299,58,woman,Schweiz,geschieden,Schachen,Einzelhaushalt,"{24, 3, 15}","[18, 29, 22]","[2, 6, 24]",0.3333333333333333,0.3333333333333333,0.0,0.0
206,37699,58,woman,Schweiz,geschieden,Zelgli,Paar-/Zwei-Personenhaushalt,"{26, 18, 31}","[14, 25, 33]","[3, 17, 19]",0.0,0.0,0.0,0.0
207,207045,27,man,Schweiz,ledig,Innenstadt,Mehrpersonen-Haushalt ohne Kinder,"{25, 13, 30}","[5, 29, 4, 15, 28]","[3, 11, 21, 28, 29]",0.0,0.0,0.4,0.4
208,38191,69,woman,Schweiz,verheiratet,Zelgli,Paar-/Zwei-Personenhaushalt,"{10, 28, 30}","[8, 10, 24]","[15, 21, 33]",0.0,0.0,0.0,0.0
209,186213,38,woman,Schweiz,ledig,Zelgli,Mehrpersonen-Haushalt mit Kinder,"{32, 16, 24, 29, 30}","[26, 7, 18, 8, 30]","[12, 23, 29, 32, 33]",0.4,0.4,0.0,0.0
210,4017478,57,woman,Schweiz,verheiratet,Ausserfeld,Mehrpersonen-Haushalt mit Kinder,"{26, 14, 30}","[22, 7, 6]","[2, 24, 32]",0.0,0.0,0.0,0.0
211,149598,18,man,Deutschland,ledig,Scheibenschachen,Paar-/Zwei-Personenhaushalt,"{26, 20, 13}",[17],[9],0.0,0.0,0.0,0.0
212,41973,50,woman,Schweiz,geschieden,Torfeld Süd,Mehrpersonen-Haushalt mit Kinder,"{33, 26, 12, 5}","[25, 13, 29, 6]","[4, 24, 28, 32]",0.0,0.0,0.0,0.0
213,156537,46,woman,Schweiz,ledig,Scheibenschachen,Einzelhaushalt,"{32, 17, 28, 13}","[7, 10, 16, 1]","[3, 10, 16, 25]",0.0,0.0,0.5,0.5
214,207585,26,man,Schweiz,ledig,Innenstadt,Einzelhaushalt,"{32, 3, 7, 9, 10, 28}","[1, 19, 13, 28, 25, 9]","[11, 12, 21, 25, 29, 32]",0.16666666666666666,0.16666666666666666,0.16666666666666666,0.16666666666666666
215,50536788,50,man,Deutschland,ledig,Rössligut,Paar-/Zwei-Personenhaushalt,"{16, 18, 25, 28, 29}",[18],[3],0.0,0.0,0.0,0.0
216,122468,68,woman,Schweiz,verheiratet,Zelgli,Paar-/Zwei-Personenhaushalt,"{11, 28, 23}","[6, 32, 7]","[8, 22, 32]",0.0,0.0,0.3333333333333333,0.3333333333333333
217,194786,39,man,Deutschland,ledig,Ausserfeld,Einzelhaushalt,"{33, 26, 14}","[17, 33, 5]","[4, 17, 30]",0.0,0.0,0.3333333333333333,0.3333333333333333
218,29780,60,woman,Schweiz,verwitwet,Goldern,Einzelhaushalt,"{32, 33, 14, 22, 30}","[33, 13, 26, 10, 17]","[3, 4, 11, 15, 22]",0.2,0.2,0.0,0.0
219,143344,16,man,Schweiz,ledig,Zelgli,Mehrpersonen-Haushalt mit Kinder,"{18, 3, 29}","[1, 19, 14]","[1, 6, 30]",0.0,0.0,0.3333333333333333,0.3333333333333333
220,50528152,31,man,Schweiz,ledig,Goldern,Einzelhaushalt,"{33, 12, 16, 23, 24}","[8, 1, 33, 27]","[4, 24, 29, 32]",0.2,0.25,0.0,0.0
221,152141,36,man,Schweiz,ledig,Telli,Mehrpersonen-Haushalt mit Kinder,"{13, 28, 21}",[24],[31],0.0,0.0,0.0,0.0
222,20984,75,man,Schweiz,ledig,Zelgli,Paar-/Zwei-Personenhaushalt,"{18, 14, 23}","[5, 29, 15]","[6, 8, 30]",0.0,0.0,0.0,0.0
223,195967,88,man,Schweiz,verwitwet,Gönhard,Mehrpersonen-Haushalt ohne Kinder,"{1, 21, 33}","[26, 7, 27]","[6, 8, 17]",0.0,0.0,0.0,0.0
224,1263,74,man,Schweiz,verheiratet,Zelgli,Paar-/Zwei-Personenhaushalt,"{33, 3, 5, 6, 15, 18}","[23, 17, 21, 26, 3, 11]","[1, 4, 8, 21, 30, 31]",0.0,0.0,0.16666666666666666,0.16666666666666666
